I need to change to a new computer and I want it to have high portability, good display and good battery life.	2	4	3	5	6
My old computer needs replacement and I need the new one to be lightweight, quick and economical.	2	4	3	5	6
Speed is what I consider when purchasing a new computer.	2	4	3	5	6
I am finding a new gaming computer for myself and I want it to be fast and upgradeable. The setup should be nice and the keyboard should be great. I hope the price would be reasonable.	3	8	0	5	6
My family is going to have a new laptop and we are looking for a fast one with great graphics. It should be terrific for playing games. The screen size and sound quality should be excellent.	3	3	0	3	7
My old computer needs replacement and the new one should come with good speakers and video quality with a low cost.	3	9	3	2	6
I go to work via public transportation so it's important for me to have a compact, thin and light laptop. The battery life ought to be impressive. I hope the finish would be fairly fingerprint resistant. I don't want there to be any bloatware.	2	3	3	2	5
My old computer doesn't work for me anymore and I am finding a new one with terrifc specs in a great price. The case should be classy and not attachable to fingerprint.	3	8	3	2	6
I am in need of a new computer and it should work fantasticly for games. I would like it to have a glowing red keyboard and good sound output. Graphics are also important.	3	8	0	3	7
I am changing my old computer and I want the new one to be easy to upgrade with a high performance-cost ratio.	4	8	0	3	7
I want to have a new computer that is easy to setup and produce good sound.	3	7	2	0	9
My wife needs a laptop for studying and she wants it to boot up fast and last long with a low cost.	2	8	3	3	7
I plan to do some laptop gaming so it should play games well and fast.	3	8	0	3	8
I need a computer that immdiately wakes when I use it. It would be better if it allows others to borrow my computer but not my account. The computer should have a long battery life and can be intergrated with my phone. Hopefully there is no system administration or virus software needed. It would be convenient if it doesn't need a transfer of files. I hope the computer would be secure to use, easy to use and simple to use.	3	2	2	0	9
I need a thin computer with an appealing design and a light weight. I need it to perform well in running small applications and programming. I hope the keyboard is light-up and easy-to-type.	3	8	4	2	7
I do a couple of tasks on my laptop si I want it to run games well with a reasonable price.	3	8	0	3	7
I need an economical laptop for my New York trip so it should have a long battery life to stay within the flight. The processor should be good to allow me to play games well.	2	2	2	0	9
I need a new computer for work so everything should be fast including the bootup.	3	3	5	3	1
I want a nice matte finish on my new computer so no fingerprints would be attached to it.	3	8	3	2	6
I won't pay too much money for a good computer.	3	8	0	3	7
I like computer that feels classy and sleek.	3	8	3	3	6
Price is what I consider when buying a new computer.	3	8	3	1	3
My old computer is too heavy and doesn't last long so I need a new one.	2	3	3	2	5
I want to get a computer that is slim, light, fast and great looking.	2	8	3	3	7
I want the computer to provide great performance with games and stay cool while playing.	3	8	0	2	7
I don't want to have much bloatware on my computer.	3	8	3	1	3
I need a replacement computer that would run mush faster.	3	8	3	3	7
A computer with marvelous screen and good price is what I need right now.	3	8	3	3	7
My old computer doesn't work for me anymore so I need a new one with decent touch screen and sound. The price shouldn't be too high though.	3	9	3	2	6
I need a computer within my budget.	3	8	0	3	7
I am a student and I want to find a fast and light computer for my everday use. The display should have high resolution.	2	4	3	5	6
I need a good looking computer which stays within my budget.	3	8	4	2	7
I am replacing an old computer and the new one should come with great price.	4	8	6	1	2
A fast computer with a great screen resolution is what I need.	3	7	5	0	1
I am a software engineer and I need a fast computer with nice graphics.	3	3	0	3	7
I recently hired a new assistant and I want to buy her a handy computer.	3	9	3	3	9
My old computer doesn't last long for the battery life and I hope the new one would.	3	8	3	2	6
I would need enough ports for charging and for further installment.	2	8	3	3	7
I need a computer that comes with a slim profile DVD burner.	4	8	3	1	6
I am in need of a new computer that is responsive and snappy. I want it to run fast and last long. The speaker would be better if it can produce nice special mix of sound, but I don't want it pull up the cost.	3	8	3	1	3
I am using the laptop for internet surfing as I need it to be lightweight and easy to setup.	3	8	3	3	7
I need a powerful computer with solid speakers and good built quality.	3	8	0	2	7
My old computer is too slow so I want a new one.	3	9	3	2	5
I am looking for a replacement of my old computer which I require it to have a high performance-cost ratio. The processing power should be good and there should be plenty of memory. I hope the screen is sturdy with good brightness range.	3	8	3	1	3
I want a powerful computer to come with a low price.	3	8	0	3	8
I need a good computer with good price.	3	8	7	1	2
I need a light computer that is perfect for my business.	3	8	3	3	7
I am finding a replacement for my old computer and I want a new one that run games perfectly and incredibly fast, but with a great price.	3	8	0	5	6
I need a computer which is fast and light. I want the design to be sleek. I need good storage capabilities to store my things and good speakers for gaming.	3	8	4	2	7
I need the computer to have high performance-cost ratio and low power consumption and heat.	3	8	0	2	7
I am buying a laptop for video editing and so a large SSD is necessary. I also want it to be fast with cool lighting on the keyboard.	3	8	0	5	7
I won't expect too much for my new computer but a high performance-cost ratio is a must.	3	8	2	0	0
Speed is the particular area I look into when purchasing a new computer.	4	8	0	3	8
I am in need of a new computer that is slim, portable and affordable. The technical features should be strong and the battery life should be great.	2	4	3	5	6
I work at home so it's important for me to have a computer that is fast and priced well.	3	8	7	1	2
I am buying a computer as Christmas present for my son and he specifies that it has to be great for games.	3	8	0	3	7
I am planning to buy a laptop for my son and he wants it to be lightweight and nice looking. The screen should be nice also.	2	8	3	3	7
I want to play games well on a fast computer.	4	8	0	3	8
I like playing games so I hope the new computer can play games at high settings effortlessly.	3	8	0	3	9
I am using the laptop for small projects and I hope it has an appealing design and litup and easy-to-type keyboard. I want it to be lightweight thin. It should perform small applications well.	2	8	3	3	7
I need a computer with a good trackpad and battery life which can max out any games.	3	8	0	2	7
I don’t want my computer to slow down so a no is for those bloatware.	3	8	7	1	2
I am looking for a computer that fulfil my data science demand and it should come with an awesome keyboard.	3	8	0	5	7
A nice fingerprint scanner should be included in my new computer.	2	8	3	3	7
I need the computer to perform great in gaming.	3	8	0	2	7
I want a compact computer which can do fast browsing.	0	2	2	0	6
I need a stylish computer for my work.	2	8	3	3	6
My old computer is too slow so I need a faster and lighter one.	2	4	3	5	6
I need a computer with long battery life.	3	8	0	2	7
I am considering to change my old computer and the new one should be sleek. I want it to run smoothly with an easy viewing screen.	4	9	3	2	4
A nice packaging and good looking computer would be nice for me.	3	3	3	2	5
I need a business flagship with a great price.	3	3	3	2	9
I am looking for myself a work station but can run lots of games with a good price.	3	3	0	3	7
I want a computer that stay in my budget.	3	8	0	2	7
I often stick on to one brand and this time I am finding a laptop that is light and has a good keypad.	3	8	2	0	0
As a person who is into light gaming and video editing, I need a computer that goes perfect for both the aspect.	3	8	7	1	2
I am taking the laptop to school and I want it to do fast in typing responsiveness and log in time.	2	8	3	3	7
I am looking for a Mother's Day present that is easy to setup.	3	8	2	0	0
I am getting a new computer for myself and I need it to be good looking with a great price.	4	8	6	1	2
I want a computer with good screen and fast booting. The FPS rates should be good as well as the wireless card. Hopefully there is a fast WIFI connection and a high performance-cost ratio.	3	8	0	2	7
I need something to bring to work and I hope it would be thin, light and sturdy.	3	8	0	3	6
I do spreadsheets all day and I want to find myself a computer with a high performance-cost ratio.	3	8	1	3	9
As an experienced Windows user, I am finding a new laptop that is fast, light, sleek and has a good storage capability.	2	8	3	3	7
I want the computer to run smoothly.	3	8	0	2	7
I want to have a light and sturdy computer.	3	8	6	1	1
I need a fast computer with high performance-cost ratio.	3	8	3	2	6
I need a new computer for myself that is solidly built and has lots of features.	3	8	0	3	7
Computer is my business and I am finding myself a computer with high performance-cost ratio.	3	9	3	3	9
I like playing games so games should be able to run fast on the new computer.	3	8	7	1	2
All I need on a computer is high bootup speed and great graphics.	3	8	1	3	9
I am getting a new tablet for my online college so I need a big screen and a nice pen. It should also be light and economical.	2	2	2	0	9
I would just use the computer for some light use so all I need is fast, cheap and good graphics.	3	8	7	1	2
I am finding a replacement for my old computer that a longer battery life is expected.	2	4	3	5	6
My work requires for a better computer that comes with a sturdy keyboard with useful backlighting. It should be fast and able to store lots of data. It should also come with good price and decent battery life.	3	8	0	3	8
I want a fast and responsive computer.	3	8	0	2	7
I need the computer to keep cool when I am gaming.	3	8	0	2	7
A light computer is preferable.	0	2	2	0	6
I need a computer with a reasonable price.	3	8	0	3	9
I need to bring my computer to school so I hope it would be lightweight. Also I don't want to have bloatware on the computer.	2	8	3	3	6
I am buying the computer for my family so I need a nice screen to protect their eyes.	3	8	2	0	1
A fast computer with a good price is what I want.	4	8	3	1	6
My old computer isn't working and I need to find a new one that is sleek and light. I need it to boot quickly while staying cool.	2	8	3	3	6
I have been working in the computer industry and I am finding myself a computer with nice build quality and nice finish. I want a balanced weight so I don't feel like damaging the laptop. The viewing angles should be decent, as well as the touchpad. I want it to be sturdy, economical and portable.	2	3	3	3	7
The computer should have a light but large enough screen accomplished with speed.	3	8	4	2	7
I am in need of a new computer that is sleek and compact.	2	8	3	3	6
My old computer is too slow and heavy so I want a completely different one.	3	3	3	2	9
I do video editing so the computer should work great with that.	3	8	0	3	6
I care about gaming experience so I want a computer that play games with no problem.	3	9	3	4	5
I'm an IT student and I need a computer that looks cool.	3	8	0	3	7
I need a nice backlit keyboard to do work at night.	2	8	3	3	7
I have a few points to note for a perfect laptop. The build quality ought to be amazing. It shouldn't look too fancy, and the key placements should be good.	3	8	0	3	7
I am finding for a new gaming laptop. It should produce less heat with a lower power consumption. I want it to boot and startup fast. The screen should be bright with low light leckage and high colour representation that come with wide viewing angles. I also need a solid build that it only produce low fan noise. I don't want it to be too heavy. A good keyboard is preferrable.	3	8	0	3	9
I am looking for a computer that play games well with a reasonable price.	3	8	0	3	7
I haven't been using a laptop for a while and it would be good to be easy to set up.	3	8	3	2	6
I need a fast computer.	3	8	3	3	7
I need a new computer to support my work that is solidly built with low cost.	3	8	0	3	7
I am finding a sturdy computer with a nice keyboard.	3	8	0	3	7
I am looking for a computer that will fit my budget.	3	8	0	3	7
I need a lightweight and cool looking computer for work.	3	8	3	3	7
The computer I need is the one with high performance-cost ratio, while having good cooling and consistent performance.	3	8	0	2	7
I want a computer with good performance and low cost.	3	8	2	0	0
I am finding a solid computer with a lighted charger.	3	8	0	3	7
A cheap yet powerful computer is what I need.	3	8	7	1	2
A nice cooling stand would be good for my computer.	3	8	0	2	7
I want the computer to run fast while I am at school.	3	8	2	0	0
I am looking for a new economical computer for myself and it should bootup fast and have a beautiful display. The keyboard would be good with great red backlit keys and separated number keypad.	3	8	0	3	8
I want to have the best laptop with the least money.	0	2	4	0	9
Price is what I concern when purchasing a new computer.	3	8	7	1	2
A quick and responsive computer is what I need.	2	8	3	3	7
I am planning an upgrade for my wife and she needs it to be lightweight and fast. The screen should be brilliant. There shouldn't be much bloatware.	2	3	3	2	5
I want to change my old computer and I need a new one with a reasonable price.	3	9	3	2	5
I need a computer with a high-performance-cost ratio.	3	8	0	3	9
Speed is what I concern when purchasing a new computer.	3	9	3	4	5
My son needs a computer with a good screen size for his animation classes.	3	8	3	2	4
The computer I want should have a high performance-cost ratio and a comfortable IPS panel. I hope it is well built and durable. The keyboard would be better to be a back-lit red one and be comfy for typing.	3	8	0	2	7
I want a high performance-cost ratio computer which can do fast start-up. The computer should be light and have a good fingerprint scanner. A premium typing experience and a professional look are expected. I want the design to be tasteful and minimalist. The keyboard should be easy to type on and I want good precision and gestures from the computer. It would be nice if it is silent when light use.	3	8	0	2	7
The screen should be gorgeous and responsive on my computer. Moreover, it should be fast.	2	3	3	3	7
I am in need of a new computer that comes with great battery. It should also be light with high processing speed.	2	2	2	0	9
I work all time on computer so I am finding a new laptop that is fast, sleek and flat. The finger pad should be sensitive, and the price should be reasonable.	3	8	7	1	2
I took it seriously on typing experience so I need a well sized keyboard that is easy to type on. The keys should be well placed and the touch screen should be responsive. Besides that, the battery life should be decent. I need it to multitask well too	2	2	2	0	9
Specs are what I look into when buying a new computer so the keyboard and trackpad must be decent.	3	8	0	3	9
I need to have a decent computer with a decent price.	3	3	0	3	7
I enjoy playing games and I want a new laptop that is good for gaming with a great price.	4	8	0	3	8
I am finding myself a new computer without a ton of bloatware. I will need a responsive keyboard and a responsive touchpad. It should be fast, slim, easy to setup and able to run cool.	3	3	0	3	7
I am taking a laptop that is travel-friendly and lightweight. It should also bootup fast.	2	8	3	3	7
My wife need a computer to do her college work and she needs it to bootup fast and play games well.	3	3	0	3	7
I am finding the best computer with the most reasonable price that can run games smoothly.	3	8	7	1	2
I am taking the laptop to school so it must be light and last long. I hope the bootup process would be fast also.	2	8	3	3	7
A good design and a cool keyboard should be applied to the computer. The keystokes on it should be comfortable to type on. It would be better if the speakers and fingerprint reader are in good situation. I hope the price wouldn't be too high for all the above features.	3	8	0	2	7
I do play some kinds of games and I need a new computer that work the games perfectly. A wonderful screen should come with an excellent price.	3	8	7	1	2
My old computer is too slow and heavy so I need a new one.	3	8	3	3	7
I need the look of the computer to be sleek.	3	7	5	0	1
I need the best use of my money on a good computer.	3	8	0	3	8
I know something about computer and all I want is a good-looking computer that play games well.	3	8	0	3	9
I am looking for a new laptop that is fast and comfortable to type on. I hope there won’t be much bloatware.	3	3	3	2	5
I look into various factors while buying my new computer. I want good hardware and good display to go with it. I also need nice keyboard and trackpad. A decent battery life is also needed.	3	8	0	3	9
I am working to find the best price for the best computer.	3	8	3	1	3
The computer I need should have a high performance-cost ratio and be solidly constructed. I want to feel premium while using the computer.	3	8	0	2	7
My old laptop needs replacement and I need a new one that has beautiful laptop design and accommodating screen size. It should be lightweight including backlight features.	4	9	3	2	4
I treasure every hour of work so I need a fast computer.	2	8	3	3	7
I don't enjoy waiting so I need the computer to startup fast.	3	8	3	3	7
A light and sturdy computer with a great screen is what I need.	2	3	3	3	7
I work on webpage design so I hope the computer can work my graphic design programmes well. I also need nice web cam to hold conferences.	3	9	3	2	5
Our family computer needs a replacement and the new one should come with a right price.	3	8	6	1	1
I am new to laptop and I need a laptop that has a good touch screen and a big hard drive but a good price.	5	8	3	2	4
I am in need of a new computer that is fast and slim.	3	8	3	3	7
As long as the price is reasonable, I would be happy to pay for a powerful computer.	3	8	3	1	3
I am replacing my old laptop for a better-sized laptop.	0	2	4	0	9
I need a computer to replace my old computer that should be fast and quiet.	2	4	3	5	6
I pay many effort into investigating computers and now I want a sturdy and portable one. The keys ought to be tight and accurate. The trackpad and screen size should come ideally.	2	3	3	3	7
My husband wants a faster computer that his current one.	3	8	7	1	2
I need a laptop that fit in my budget with cool looking and ability to play games without issues.	3	3	0	3	6
All I need is a computer with a long battery life and a great touch screen.	3	8	3	2	4
I am not finding a fancy computer but a powerful computer with a low cost.	3	9	3	4	5
I need a light computer so I can carry it around.	3	9	3	3	9
I need a strong upgrade from my old computer that is faster and has better screen.	3	8	3	3	7
My old computer needs replacement and I need the new one to have great display and stylish look. It should be lightweight, fast and economical.	3	8	3	3	7
I hope my money is well spent on a high quality computer.	3	8	7	1	2
I need a computer with high performance-cost ratio.	3	8	0	2	7
I need a lightweight laptop to bring it around.	2	8	3	3	7
It would be enjoyable to have a computer that is speedy with an amazing sound system.	3	8	7	1	2
I enjoy playing games on my laptop so I hope the laptop do magnificent job of graphics and gameplay. All games should run smoothly on it and the audio quality ought to be good while gaming. I need to take it to schoold so a normal design is preferrable.	3	8	0	3	9
I need a computer come up with the 2018 standard in sound output, keyboard and trackpad.	3	8	0	3	7
I depend on reliable resources to make up my decision on a new computer. The computer should be fast and last long. The ports should be easily accessible and the touchpad should be nice.	3	8	3	1	3
I am planning to replace my old computer and the new one should come with high performance-cost ratio. The battery life should be good and the display should have high quality. It would be great if the brightness is adjustable for the backlit keyboard.	2	4	3	5	6
My old computer needs replacement and I want a new one that has a nice screen and good keyboard.	3	8	2	0	0
A good hard disk with a reasonable price is what I need.	3	9	3	3	9
I need a computer with high performance-cost ratio.	3	7	5	0	1
I want a good-looking computer with an awesome keyboard. I also want it to have a precise trackpad, NVME slots and great USB-C charging. 	3	3	3	2	5
I want my future computer to have plenty of storage with a high performance-cost ratio.	3	8	0	2	7
I need a cheap computer with solid build quality and awesome cooling system.	3	8	0	2	7
I tend to choose brand with good reputation and I want a sleek, new computer that comes with the perfect size and a ergonomic keyboard.	3	8	2	0	0
The computer should have a high performance-cost ratio.	3	8	3	3	6
My boyfriend needs a new laptop that comes with good screen size and touch screen capability.	3	9	3	3	9
I would use the computer for gaming and home schooling so I hope it's well built with a reasonable price. Also, I need easy access to RAM and hard drive.	3	8	0	3	9
I am finding a new computer that has a high performance-cost ratio.	4	8	2	2	3
I need a light and fast computer with a high-resolution screen.	3	3	3	2	5
I want to upgrade my old computer that I want a faster, lighter and more attractive model. One more thing, I want a more stunning display.	2	4	3	5	6
I am willing to do some research for a good computer and currently I am finding one that play games with good frame rate.	3	8	0	3	7
I wish I would be happy with the money I spent for a perfect computer.	3	8	0	3	7
Quality and price must be balanced for my new computer.	2	8	3	3	6
I am going to purchase a new computer on Black Friday so what I want is a computer that play games well in a low cost. The fan should be quiet.	3	8	6	2	1
I need a recommendation of a handy and light computer for my sister.	3	8	3	2	4
I need a computer with great screen.	3	8	4	2	7
I am finding a fast computer with an awesome screen.	3	8	2	0	0
I want my future computer to have a high performance-cost ratio.	3	8	0	2	7
I don't have much requirements for a new computer but I need it to run fast and setup easily.	3	8	7	1	2
I want to have a new computer that is lightweight, solid and has good specs.	2	4	3	5	6
I am finding the best computer for my money.	2	2	2	0	9
I am looking for a nice computer with a low price for everyday use.	3	9	3	3	9
I would use the new computer with my wife so I want it to look sleek and have a good speaker.	3	8	0	3	9
I am looking for a different brand from my current computer which would be fast and well priced.	3	8	7	1	2
I do a lot of typing work so I hope the surface would be comfortable to rest my hands on. Also, I like a sleek laptop with a responsive mousepad and keys. Not to mention that the specs should be wise.	3	8	0	3	9
I am trying to find a gaming laptop that goes really fast.	3	8	0	3	9
I need a light computer which can turn on fast and run cool. I need to have a good screen with it. I also need to have a decent battery life to get my work done.	3	8	4	2	7
I am finding a computer for myself that show vivid colours and brightness. The build quality should be good with a responsive touchscreen.	2	2	2	0	9
I don't have much requirement on my new computer but I want it to be easy to setup. My other computer own Microsoft 350 so it would be nice if the Microsoft 350 can automatically updated. Moreover, it should be cheap and fast. I want the image on the screen to be crisp and clear.	3	8	3	1	3
I need to take a laptop to my internship and I hope it comes with reasonable price and nice look. I want it to be portable and rigid. The CPU should be decent and support fast and accurate typing. Moreover, the speakers should be decent.	2	8	3	3	7
I am finding a replacement for a higher performance-cost ratio.	3	8	0	3	8
The display must be incredible on my new computer.	3	8	3	1	3
I plan to buy a travel notebook so it should be slim and lightweight. The battery life should be long so I don't have to take a charger around. The fan should be quiet so I don't disturb others. I want the display to be beautiful and the mousepad and keyboard to be accurate.	2	4	3	5	6
I do basic business application on my laptop so I need sufficient amount of RAM and large drive of my data. I also need it to handle my task quickly. I would be grateful if it includes separate buttons for left and right click as my previous computer didn't. The computer have to stay within the budget of my company.	3	9	3	4	5
As an artist as well as a gamer, I need the laptop to be nice looking, thin and light. It should bootup fast and has plenty of space. The screen should be bright with a wide viewing angles. The keyboard should be comfortable with nice backlight and good trackpad.	3	3	0	3	6
I enjoy gaming and I am finding a laptop that perform well in that.	3	8	6	2	1
I don't want the computer to be heavy or look dull. I need it to be fast.	3	7	5	0	1
I am finding a new laptop for myself that has a high performance-cost ratio.	3	2	3	0	4
My old computer is not working anymore and I want a new one with sleek design and great display.	3	8	1	3	9
Speed is important for my computer.	3	8	0	3	7
I want a computer with great colour and viewing angles. A good screen is also what I wanted, and hopefully its performance-cost ratio is high.	3	8	0	2	7
I need the screen to be great enough but not affecting the weight.	3	8	4	2	7
I need a new laptop that is fast and has a nice backlit keyboard.	4	9	3	2	4
I don't have much requirement for my new computer. I just want it to be economical and easy to set up.	3	8	2	0	0
I am finding myself a perfect gaming laptop.	3	8	0	3	7
I don't have much money so I need a new computer with a good price.	3	9	3	2	5
I am finding a laptop with a high performance-cost ratio.	2	3	3	3	7
I want the computer to be quiet and stay cool while playing games with a high perfomance-cost ratio.	3	8	0	2	7
My computer just recently broke down so I need a new computer immediately. I need it to be cheap and fast. The ports should also be acceptable.	3	8	3	3	6
I love computer with great design.	3	8	4	2	7
I do a lot of typing at night so a backlit keyboard would help me a lot. It would be better if the computer is fast.	3	8	3	2	6
I play a number of games so I want the computer to run games well.	3	8	0	3	9
I need a solid hard drive to run everything smoothly.	3	3	3	2	5
I am finding a replacement for my old computer and the new one should be light, solid and has a long battery life.	2	8	3	3	6
I need a computer for my work and I want it to be light and easy to carry for my meetings. Also, the battery life and screen should be good so I can show my clients my slides.	0	2	4	0	9
I need a high performance-cost ratio computer.	3	8	0	2	7
Some right specs should be installed in the new computer.	3	8	0	5	7
I want to try something new that come with a cool touchscreen and sturdy hinges.	2	2	2	0	9
I want a new computer that comes with a high performance-cost ratio.	3	8	3	1	9
I got to use a lot of graphics and processing-heavy programmes so I hope the computer has no issues with them. It should startup fast without being overheat. I hope there will be clear display and sound. The battery life should also be long to support my work.	3	8	0	3	9
My old computer needs replacement and the new one should be fast and has a perfect size. The screen should be great though.	3	3	3	2	5
I don't have a big budget so I need a computer that comes with a good price.	2	3	3	3	7
I want to buy a new computer for gaming so I want it to download games quickly.	3	8	0	5	6
I want a computer with nice performance-cost ratio.	3	8	0	2	7
My old computer needs replacement and I want the new computer to come with a quiet keyboard and well spaced, sized keys. It should have the smallest beveling. I hope there will be good colours and contrast on the screen. The price should be reasonable though.	2	3	3	2	5
I will use the computer for general school work thus I need it to be lightweight, fast and portable.	2	4	3	5	6
It would be pleasant to have been able to use the computer as soon as possible, so it should be easy to set up. Moreover, the colours should be able to display greatly.	3	8	2	0	0
I am not really a gamer but I need a computer that is fast and economical.	3	8	0	5	6
I am finding a new computer for my personal use that is slim and has a nice keyboard. The startup should be fast.	3	8	0	5	7
I am purchasing a new computer and I want it to have good hinges because I broke those of my last computer. A good graphic card and lots of RAM would be good for me to do gaming. I don't like backlight on the keyboard because that would harm my eyes. The computer should not be too heavy for me. Last but not least, I don't want to spend too much on it.	3	8	7	1	2
My old computer is not working and I need a new one that bootup fast. It should be good looking and light so I can carry it around. The screen quality, the sound output and the battery life must be excellent.	3	8	3	3	7
I am not affordable to all computers but I want one that is fast and comes with minimal bloatware.	2	4	3	5	6
My son has some suggestion for me on the new computer and all I want is a big screen.	2	2	2	0	9
Everyday I need to use my laptop so I need a big screen and a great keyboard to make it comfortable, of course, it should be fast also.	3	8	0	3	9
My old computer needs replacement and I am finding a thin one with awesome design.	3	8	0	5	7
The bootup should be fast on my computer.	3	8	0	3	7
I bring my laptop everywhere I go so I would like it to be sleek and lightweight.	3	8	2	0	1
I am buying a new laptop for my husband and he wants it to be lightweight, clear and sharp. The sound should be good as well.	3	7	4	0	0
Specs are important aspect that I look into when purchasing a new computer.	3	8	7	1	2
I am planning to replace my old computer and I need the new one to run games fabulously. It should startup fast. Aesthetics seems important to me. The keyboard would be better to be lighted up. A good graphic card should come with a low cost.	3	8	0	3	8
I want a fast computer with a nice fingerprint scanner to accelerate.	3	8	4	2	7
I am a console gamer but now I am finding a gaming laptop that has amazing speed and awesome graphics. The bottom line is that it must play games well.	3	8	0	3	8
I am new to gaming laptop and I want some really good red back-lit keys because that looks cool. Of course the computer should run games great, and I don't want to wait too long for the game to be loaded. I need some nice graphics on the computer. Accessible fan settings would be prefect for me.	4	8	0	3	8
I am taking the laptop to school so I want it to be light. I hope it would be able to startup fast with a low price.	3	8	2	0	0
I am planning to buy a new laptop and I want to new one to be silent, lightweight and easy to use. There should be lots of storage. The keyboard should be good with backlight.	2	8	3	3	6
I am in a nursery school and I use my laptop several hours a day. I need it to be easy to set up. Also, it should be fast with the perfect screen size.	4	8	6	1	2
I need to have the best use of money for the best computer.	4	8	0	3	7
I am a performance ethusiatist and so an awesome processor is a must. I also want it to be light and classy. The display should be vibrant, along with some small bezels. The battery life should be long though.	2	3	3	2	5
I enjoy playing games on my laptop so I need a new one that have good specs with a reasonable price. I want to to boot up quickly for me to use it. I also want it to have decent battery life for me to play games. For the design, it must be good and have a backlit keyboard.	3	8	0	3	9
I am using the new laptop to take appointment with my clients and I need it to startup fast and have good processor and SSD. I also want it to be thin and light.	2	8	3	3	7
Our business need a computer that comes with a high performance-cost ratio.	3	8	0	3	8
I need a fast computer to get my things done quickly.	2	8	3	3	7
A good looking computer with a great price is what I need.	2	8	3	3	7
I am getting into gaming laptop so I want one that runs most games smoothly with good specs. The screen should have good viewing angles and the speakers should produce quality sound. I want the computer to run cool. Of course, it should look good with a reasonable price.	3	8	0	5	6
I hope I can afford a fast computer.	3	3	3	2	9
I am finding a new computer for myself. I need it to be fast and have great battery life. If there are plenty of ports, it would easy to upgrade. I also want the computer to be substanial with a brushed look. A good keyboard is also important.	3	8	3	1	3
A computer with a high performance-cost ratio is what I want.	3	8	3	3	7
A computer with a high performance-cost ratio is what I need.	3	8	0	3	8
Speed is what I look into when purchasing a new computer.	4	8	0	3	8
I am finding myself a new computer that has a good battery life and runs cool. I want it to have empty memory slot for further upgrading. The bezel should be thin around the screen. The graphics should be good though. I need a smaller charger unit with a high performance-cost ratio.	3	8	1	3	9
Now I'm in college and I need a quiet computer to work with.	3	3	0	3	7
I am replacing my old computer with a lighter one. The setup should be fast, as well as the charging. The screen resolution, flip function, touch screen, keyboard, etc. should be good.	2	3	3	3	7
I am a student and am looking for a laptop that has a long battery life and a nice screen. I need it to be fast and light. The keyboard should be comfortable to someone who has big hands like me. The case should be sturdy as well as fingerprint-resist.	3	2	3	0	4
I don't play many games but I still hope the computer would play games well.	3	8	0	3	9
I know a lot of things about computer and I am now finding a economical computer for myself.	3	8	0	3	7
My previous computer does no good to me so I need a new one that is lightweight with fast startup time and nice keyboard design.	2	8	3	3	7
I need a computer that coordinate well with my iPhone.	3	9	3	3	9
I am finding myself a new computer that has a fast refresh rate and good video card. There should not be a lot of bloatware. I want to have some great backlights on the keyboard. The fan should be quiet and easy to clean. I need a fast bootup with a high performance-cost ratio.	3	3	0	3	7
I cannot carry a heavy laptop around.	3	9	3	3	9
I am trying to find a new gaming laptop that plays my games fast and quietly. I also want to have a cool back-lit keyboard.	3	8	0	3	9
I need a replacement for my recently died computer and I want it to be easy to setup the new computer.	3	9	3	2	6
I don't want to borrow my husband's computer everytime I need it so I am finding myself a new computer with a nice hard drive. Since the previous one doesn’t boast with a number pad, it would be nice if the new one include one. I don't have a huge budget for the computer.	3	8	3	1	3
I do a lot of typing so the keys should be wonderful.	3	8	0	3	6
For a light use of laptop, I am finding one that runs quickly with a low cost.	3	8	3	1	3
I want to gift a nicely priced computer to my brother-in-law.	3	8	7	1	2
I need a fast computer	3	8	2	0	0
I usually stick to one brand when it comes to computer and now I want a computer that runs cool  and be easily upgradable. I need the setup to be fast. I also want a responsive keyboard and quiet fan to enable the unit to run cool.	3	9	3	3	9
A fast computer would be preferrable.	3	8	3	1	3
I need some recommendations on a fast computer.	2	8	3	3	7
Screen is the most important element to me so I want it to be sharp. Moreover, I want the computer to be light and compact.	3	8	3	3	7
I want to replace my old computer that I want one which runs fast and silently. I want it to look sleek within my budget.	5	8	3	2	4
I enjoy playing games and I would like the games to display well with good speaker and good graphic performance.	3	8	0	3	9
I need the computer to boot up fast. For the weight, I prefer a light one. And for the battery life, I prefer a longer one.	3	8	4	2	7
The only requirement I have for my computer is it has to be easy to use.	4	8	3	3	6
I want a fast computer with a good shell. The keys should be comfortable and the screen size should be acceptable. A reasonable battery life is also expected. I also want some good ports. Hopefully the computer is speedy and have a reasonable price.	3	2	2	0	9
I need a new laptop for work and it should be affordable, fast and sleek.	3	8	3	3	7
I need a computer that is light and start up fast. I don't want the keyboard to be too fancy though.	3	8	4	2	7
I am looking through the recommendations on Amazon and want to find myself a quick computer.	3	8	3	3	7
I need a well-built computer which is light and sleek so I can carry it around.	3	8	4	2	7
I am finding a all-rounded computer that is sturdy and has great design. I hope it is fast to boot. The graphics card should be strong and the battery should be long lasting. The price should not be too high. There should be a good selection of ports. I would also want a red backlit keyboard.	3	8	0	3	7
I am purchasing a new computer to replace my old one and the new one should come with mosterous storage capacity and high performance-cost ratio.	3	9	3	3	9
I need a computer with cool extra hard drive that is fast and clear.	3	8	4	2	7
I need the computer to be light enough that I can carry it around.	2	3	3	3	7
My wife and I want to change the computer of our home and we are finding a computer that works quietly and fast. A good touch screen is also necessary.	3	8	3	3	6
I am willing to wait for a computer that fits my needs: small, light and solid. The screen should be good.	2	4	3	5	6
I know what I need for my new computer: good size and bright screen.	4	9	3	2	4
My old computer needs replacement and the new one should come with a big screen, sleek design and wonderful keyboard lighting.	4	9	3	2	4
I want an economical and fast computer.	3	9	3	2	6
I want to have a new laptop of office work and I need it to be lightweight and sleek with good build quality.	2	8	3	3	7
I do photo editing and I am finding a computer that boot fast and run quietly. I hope there is plenty of storage with a good price.	4	8	0	3	7
I need a computer with solid build quality and a reasonable price.	3	8	0	2	7
I am finding some recommendations for a new computer that is fast and have both nice cooling system and battery life.	3	8	0	3	9
I am finding something new to replace my old computer that has a higher portability and better display. The fan should run quietly. The display should be matte with a good viewing angle.	3	8	3	3	7
I need a fast computer.	2	4	3	5	6
I like computer with nice colour.	3	8	2	0	0
A nice looking computer would be suitable for me.	3	8	0	3	9
I cannot an expensive computer but I still want it to be solid with good viewing angles. The keyboard should be awesome, as well as the trackpad. I don't want it to be filled with bloatware.	4	8	0	3	7
I got tired of using the old computer from office so I need a new, fast computer.	3	8	0	3	7
I want a fast computer.	3	8	0	2	7
My old computer is not working and I need a light, new computer with a good screen.	3	8	0	3	7
I want to purchase a computer that is portable and lightweight. It should turn on quickly with fast processing. The wireless connection should be strong though.	2	8	3	3	7
My dream computer would the one with marvellous design, pleasing audio system and amazing specs.	3	8	0	3	7
I am finding a new computer for myself and I want it to boot up fast and handle several games well. Of course, the price can't be too high.	3	8	7	1	2
I want a light computer which can runs fast.	3	8	4	2	7
I want a computer that is lightweight and fast.	5	8	3	2	4
My old computer needs a replacement and the new one should be easy to set up while running cool. The colours on screen should be good though.	3	3	0	3	7
I am a writer and I am looking for a computer that is fast, quiet and lightweight.	3	8	2	0	1
I have limited budget so the computer should come with a good price.	4	8	3	1	6
I am looking for the best computer with the best price.	2	8	3	3	6
I look into many reviews and all I want is a computer that is hast and cheap.	3	9	3	4	5
I do a lot of research online and I am finding a new computer with a reasonable price.	3	8	7	1	2
I am replacing my old computer which I want a new one that has cool design and beautiful display. It should also be light and well built.	3	8	0	3	7
I want to have a new computer that has a high hard disk capacity with an excellent price.	3	9	3	3	9
I need a new computer that run games greatly.	3	8	0	5	7
I want to have a new gaming laptop and I want a nice display to come with it. I also want it to be responsive, quiet and light.	4	8	0	3	8
I need to change my old laptop and I need one that run quietly and cool. I need to perform games well with a relatively low cost.	3	8	0	3	7
I am finding a computer with great price.	3	8	0	3	7
My old computer was on fritz so I need a new computer that is quick and easy to setup.	3	8	3	3	7
I would do as much research as I could to find the best use of my money for a powerful computer.	3	8	7	1	2
The computer I want should handle my games with ease and run super fast. I need it to be quiet and have a great battery life also.	3	8	0	2	7
I need a plain notebook without those flashy light but still keep a beautiful design.	3	8	0	2	7
I like taking my laptop around so I like it to be light and good looking.	3	8	7	1	2
I don't work on my old computer nowadays and I need a computer with bigger keys and better keyboard. The touchscreen should be better too. I want the computer to be sturdy with a nice texture. The battery should have the best life and do fast charging.	3	3	3	2	5
A good touch screen should be installed on my new computer.	5	8	3	2	4
I need a fast computer.	2	3	6	3	2
I am purchasing a new computer mainly for gaming so it should play games smoothly and have a gorgeous screen.	4	8	0	3	8
I need the computer to be big for me with a nice sound output.	3	9	3	2	6
I want a quick laptop with amazing display.	3	8	4	2	7
As a college student, I need a computer that has a large memory and high speed.	2	8	3	3	6
I am replacing my old computer and the new one should restart quickly with an excellent price.	3	8	1	3	9
I major in Computer Science and I am finding myself a quick computer.	2	4	3	5	6
An adequate screen should be installed on the computer.	4	8	6	1	2
We are finding a new computer with a reasonable price.	4	9	3	2	4
I am trying to upgrade from an old computer that I need the new one to be thinner and lighter and more economical. The keyboard should be responsive and the battery should be decent. O would need to have some USB type C ports and enough RAM on the computer.	3	8	3	3	7
I need a computer that run any games well.	3	8	0	3	6
I like computers with sleek design.	3	8	2	0	1
The computer I want should look cool and own a nice graphic card.	3	8	0	5	6
I don't have a large budget so I need a computer that comes with a nice price.	3	7	2	0	9
A good sound output is necessary.	3	8	0	3	7
I need a fast computer.	3	8	0	3	8
I need the computer to handle games well.	3	8	0	2	7
I am in need of a new computer that has a good processor and a practical appearance. It should have less bloatware that my previous computers and be lightweight.	3	8	3	2	6
I am a student so I need a computer that come with the perfect size and run games well.	3	8	0	3	9
I do a lot of travel so I am finding a slim computer that can do well at that.	2	4	3	5	6
I want to have a new computer that comes with the highest performance-cost ratio.	4	8	3	3	6
I took hours to do my paper so the computer should have impressive battery life.	3	8	0	3	9
I am finding a work only computer that is fast and has plenty of memory.	3	3	3	2	9
The computer I need is the one which can be opened up and upgraded easily and have a good build quality.	3	8	0	2	7
I play games on laptop and I need it to be fast.	3	8	0	3	7
My daughter does a lot of drawing on her tablet and she needs a handy one with rich colours shown on the screen.	3	3	3	2	5
I need a light computer with a good screen.	3	8	3	3	7
I am coming from a high end PC and I need a laptop that plays games well.	3	8	0	5	7
A cool computer which can run fast is what I need.	3	8	0	2	7
I need a new computer that is fast and own great backlit keyboard along with a beautiful display.	4	8	0	3	7
I want to have a fast and quiet computer.	3	8	1	3	9
I need a fast computer.	3	9	3	2	5
I need a computer that comes with reasonable price and runs games well.	3	8	7	1	2
I don't want my old computer anymore and I am finding a new one that boots fast. For the specs, it should look great with a sturdy keyboard and nice trackpad.	3	8	0	3	7
I am looking for recommendation on a fast computer with fantastic price.	3	8	3	3	7
I am considering to change my old computer and what I need is a computer with a high performance-cost ratio and long battery life. I also want it to look good.	3	8	0	3	9
For an everyday use computer, I need it to have good colour with great price.	3	8	2	0	0
I want a light computer.	3	7	5	0	1
As a college student, I don't have high expectations on a cheap computer. It just need to have nice build quality.	3	8	7	1	2
I need a fast computer.	3	8	3	1	3
My old computer is starting to be unreliable so I need a new one that has lots of space yet running fast. I don't want the price to be too high through.	3	8	3	1	3
I am changing my old computer to a more classy-looking one. There should be impressive back-lit keyboard and long battery life. The graphic card, the speakers and the processor should be powerful. I hope the computer is thin and easy to startup.	3	3	0	3	7
I am a software developer and I need a fast computer to run my programmes.	3	8	0	5	7
I have got a lot of photos and I need a roomy device for that. I also want it to be lightweight and fast.	3	8	1	3	9
I don't really have much money but I wish to have a computer that can run games on ultra graphic settings.	3	8	0	3	9
I am taking the computer around so I need it to be sleek and lightweight.	3	9	3	3	9
I am looking for the heapest option for my next computer which it should be fast and light. It should have good viewing angles and be easily expandable.	2	3	3	3	7
My brother needs a fast computer as his Christmas present.	4	8	3	1	6
I would like to have a cute laptop with nice design and powerful processor. It would be better if it can play games well.	3	8	3	1	3
My old computer doesn't work for me anymore and I need a sleek one which has good battery life and runs games perfectly.	3	3	0	3	7
I need a new computer that has a high performance-cost ratio.	3	8	6	1	1
My must-have feature is a backlit keyboard. Besides that, I need more-than-enough storage and CPU speed. I hope there would be a fast Wifi connection. The computer should be light though.	2	3	3	3	7
I hope there is not much trial software on the computer.	3	7	5	0	1
Once I find a computer that fits my needs, I am willing to spend the appropiate amount of money.	3	8	0	3	7
I am finding a new computer that runs fast and includes good viewing angles.	3	9	3	3	9
I want a light laptop which can startup fast.	3	3	3	2	5
I am finding myself a new computer that is sturdy with great body colour. The graphic card should be good for gaming and the CPU should be solid. Of cource the battery life should be decent.	3	8	0	3	7
I am buying a Christmas present for my daughter and she wants it to be fast to meet her needs.	3	9	3	3	9
I want a computer that bring up my application quickly and I can work on a large screen with sharp imaging. I would also look into the design, which I hope it to be light, slim and attractive.	3	8	4	2	7
My girlfriend needs a computer that has a good design and a high performance-cost ratio.	2	8	3	3	6
I need a computer to write my master's papers so I need it to be light and portable to take it around. It should be running fast so I can finish my papers on time. For a better typing experience, I would need a great touchscreen and a responsive keyboard. Good resolution is also needed to protect my eyes.	3	8	3	3	6
My gaming niece wants some right specs for his computer.	3	8	0	3	7
Speed is what I look into when purchasing a new computer.	4	8	6	1	2
I want to find the best computer with my limited budget.	4	8	0	3	7
I plan to have a great bargain on a new computer.	3	8	3	2	6
I have been doing a lot of research on computers and I have been longing for a computer that is light and fast. For the keyboard, it should have an excellent layout and the keys should great when typing. I need a responsive touchpad. I hope the computer won't get overheat at all. For the screen, I want no reflection on it and it should have great viewing angles being crystal clear. I want the bootup time to be as short as possible. For the connectivity, I need it to do well in both Wifi and Bluetooth. The data transfer should be fast. For the specs, I need an outstanding SDD and enough space for my files. It would be better to feature a Wireless Display option. I want minimal amount of fan noise. Moreover, the camera and the speakers should be good with a decent price.	3	8	0	3	8
I will do research on the specs and I need a computer that bootup fast and silently.	3	8	3	3	7
I tend to use my next computer for a long time so the graphics ought to be beautiful.	3	8	0	3	7
I want a computer that is well designed.	3	8	2	0	1
I need to buy my wife a new computer and she wants it to be run fast and cool. The battery life should be long for her and she will need tons of storage space.	3	8	3	1	3
I am a college student so I need a cheap computer which can last long for battery life.	3	8	0	3	9
My household has different needs for a computer and so it should be fast and have great graphics.	3	8	6	2	1
I want to have a new computer that is light and fast with a good screen size.	2	8	3	3	7
I do literally everything on my laptop so I hope it to be easily upgradable and have a reasonable price. I take it around so I hope it looks attractive.	3	8	0	3	9
The computer I want should run intense games perfectly and have a high performance-cost ratio.	3	8	0	2	7
I want a aesthetically beautiful so I would be happy to carry it around.	3	8	7	1	2
I need a low priced mechine that is easy to setyp and sound greatly.	3	8	2	0	0
I edit photos for a living and that's why the graphics must be great on my computer. A good screen would help even more. Besides, I want it to bootup fast and perform my games well. It should be sturdy with a nice, sharp keyboard. I hope the price would be reasonable though.	3	8	0	3	7
I am looking for a quiet computer with a good price.	3	8	0	3	7
I am trying to find a new computer that comes with good design and light weight.	3	8	3	3	6
I am finding a new computer with nice price and good speed.	3	8	6	2	1
I am findinging myself a better computer with competitive specs and budget price.	2	8	3	3	6
I need a good piece of computer with a low cost.	4	8	0	3	7
I need a new work station that is fast, light and good looking. The screen should be huge though.	3	3	1	4	7
I need a fast computer.	3	8	3	3	6
I need a computer that is easy to get started.	3	4	0	5	7
I need a light and fast computer.	2	3	3	2	5
I am sensitive to sound so I want the best sound quality on my computer.	3	8	0	3	6
A lightweight computer is what I need.	3	3	5	3	1
I don't have much money so good price is important for a new computer.	3	8	0	3	9
My old computer needs replacement and I need a new one with a good screen size and tight and responsive keys.	4	8	3	4	6
I use the computer for my personal use and I hope it won't heat up if overused.	3	8	0	3	9
I am not into waiting so I need a computer that do fast bootup.	3	8	3	3	7
I am an engineering student and am finding myself a fast computer with superb specs. The display ought to be great with awesome backlit keyboard. I hope the price would be reasonable though.	3	3	0	3	7
I am changing my old laptop and I want a fast one that is well designed and great for gaming.	3	8	0	3	7
As a fairly active gamer, I need a computer that is solid and bootup fast. The wireless connectivity should be good as well.	3	8	0	3	8
I am on budget gaming but I need a computer that turns on quickly.	3	8	7	1	2
I would like to have a light and fast computer.	3	8	3	3	7
I need a quiet computer with high performance-cost ratio.	3	8	1	3	9
I don't have a huge budget so the new computer should be cost-effective.	3	8	7	1	2
I need a fast computer.	3	9	3	2	6
My old laptop is not working and I am finding a lightweight and fast one with high performance-cost ratio.	3	8	1	3	9
I hope the new computer meet up my expectations with the money I paid.	3	8	7	1	2
I have a number of files that need good memory to store them.	3	8	6	2	1
I am lacking money but I need a new computer that comes with a perfect price.	3	7	2	0	9
My computer should be fast and accessible, and should have a good graphic performance.	3	8	0	2	7
I need a computer for everyday use that comes with a high performance-cost ratio.	3	8	3	3	7
I used to use PCs but now I want a laptop with good hardware.	3	8	0	3	7
I need a computer with good processor.	2	8	3	3	6
My budget is limited and I need a computer with a great price.	4	8	3	3	6
I would use the laptop on a daily basis and there should be a lot of RAM.	3	3	1	4	7
My old computer isn't working so I need a new computer which is fast and responsive. I don't have much money so I hope the price to be reasonable.	3	9	3	2	5
My wife needs a new computer and I am planning to gift her one that have nicely arranged keyboard and low cost.	3	8	7	1	2
I have got a number of needs on my new computer so I am hoping for a cheap computer that fits all my needs.	3	8	7	1	2
I like sleek looking computer.	3	8	7	1	2
I want the computer to come with a high performance-cost ratio.	3	3	0	3	7
I was looking to upgrade my old computer but eventually I decided I would just find a new computer that is more upgradable.	3	8	3	1	3
I want a computer with a high performance-cost ratio, yet it should have efficient cooling and run quietly. Hopefully the build quality is premium.	3	8	0	2	7
I want to have a new computer that handles games well and boots up quickly. A nice display is also important.	3	8	0	5	7
My old computer doesn't serve me anymore and I am getting myself a new one with good specs, good design and good build quality.	2	4	3	5	6
I need a computer that has solid performance with reasonable price.	3	3	3	2	9
I expect to see some good pictures on the screen.	4	8	3	4	6
I am finding a replacement computer and it should be fast, light and easy to use.	4	8	3	4	6
I need a computer with great build quality.	3	8	0	2	7
All I need is a computer that play games well.	3	8	0	3	6
I do some light gaming and I am finding an economical computer.	3	8	7	1	2
My last computer was still working but I decided to go for a faster computer which is reasonably priced.	3	8	0	3	7
I need a computer that stays within my budget.	3	7	5	0	1
My old computer is not that up-to-date and I need a lighter one with a good keyboard and a good touchpad.	2	8	3	3	7
I don't have much requirement for my new computer, it just need to be cheap.	3	8	6	2	1
I need a great screen to better do my spreadsheets.	2	8	3	3	7
I am finding a nice computer that would fit my budget.	3	8	3	2	6
I am into coding and I need a new computer with plenty of RAM and amazing build quality. It would even be better if it bootup fast.	3	8	0	3	7
My old computer is too slow and I need a new one.	3	8	6	2	1
I need a good recommendation on a easy-to-set-up computer with not much bloatware.	3	9	3	3	9
I have a kid in school and I am buying him a new laptop with a chassis texture. I want the keyboard and numpad to be comfortable. The SSD should be speedy and the viewing angles should be comfortable for him. The battery ought to be decent for him. The fan must be whisper quiet.	3	2	3	0	4
I am buying myself a new computer that is fast and built solidly.	3	3	3	2	5
My regular computer needs repairment so I am finding a new one with nice display in a low cost.	4	8	3	3	6
I am in college and I need a sturdy and solid computer that comes with a high response rate.	3	8	0	3	7
I am finding a new computer with amazing boosted frequency and useful amount of RAM.	3	9	3	4	5
I do basic browsing and I am finding a cheap computer which comes up with the performance.	3	8	2	0	1
I can't use my old computer anymore and I need a new one that is fast and reasonably priced. An awesome keypad is also needed.	3	8	7	1	2
My wife says she needs a computer that is easy to use and works well with Wifi.	3	8	3	2	4
The computer should have great build quality and specs, but also with a good price.	3	8	0	2	7
I play lots of games and I'm finding a new computer that run fast of all my games. I also own a VR headset and I want it to work well with that.	3	8	0	5	6
I am looking for a new computer that comes with a high performance-cost ratio.	3	8	3	2	6
I have always been hoping to have a fast computer with a backlit keyboard.	4	9	3	2	4
I am finding the best computer with the best price.	3	8	0	3	7
Specs ought to be good on my computer.	4	8	0	3	7
I am finding myself a fast computer.	3	2	3	3	4
I produce music so I hope the new computer works great for the software with a reasonable price.	3	8	0	3	9
I need a new computer that is light and thin with the greatest screen size.	2	8	3	3	7
I work in IT for a living and I am buying myself a economical computer that does not have a reflective screen.	3	8	0	3	8
The old computer doesn't have a touch screen so there should be one on my new computer. Moreover, the Bluetooth connection should be excellent.	3	9	3	3	9
I need some recommendations on a cheap computer which is easy to use and able to run smoothly.	3	9	3	4	5
I want a replacement for my old computer and I need a new one that comes with amazing build quality. For the specs, a good keyboard and wonderful display quality and resolution are expected. Moreover, the price should be reasonable.	3	8	7	1	2
What I expect is a good computer with a high performance-cost ratio.	3	3	0	3	7
I need a new computer that is fast and well priced.	3	9	3	2	5
I am finding myself a new computer that is fast and solidly built.	3	9	3	3	9
The current computer is not working and I want a new one that is slim, light and well crafted.	2	4	3	5	6
The computer should be light for me to carry it around. I need a good SSD and HDD combination for speed and power. I need good keyboard, touchpad and fingerprint scanner.	3	8	4	2	7
I do a lot of gaming and I am in need of a new computer that perform well in that aspect. I also like to have lighted keyboard with a great price.	3	8	0	3	7
I play games on laptop and I am finding a professional computer for that.	3	8	0	3	7
I need a new gaming laptop with some good build quality. I also want it to be thin and light so that I can carry it around.	3	8	0	3	9
I am going to find a fast computer for myself.	4	8	0	3	7
I am finding a fast computer.	3	8	7	1	2
I am planning to buy a new computer and I want it to play games well without a high price.	4	8	0	3	8
I do the computer for school work and I want it to come with slicky trackpad and good keyboard layout. I also want it to be sleek and solid.	3	3	3	2	5
A fast computer with a reasonable price is what I need.	3	8	0	3	7
I would like to have a sleek design for my next computer.	3	8	3	2	6
I need a computer with great performance and cost.	0	2	4	0	9
I like gaming so I need a laptop that run games well.	3	8	0	3	9
I would like to have a new computer that has great colours.	3	8	2	0	0
I am a middle-aged man and I have lower requirements on electrical device. I only need a fast computer that comes with plenty of storage. A good set of ports and a CD/DVD drive should be included. The speakers should be good and the battery life should be exceptional. I would like to have a dedicated number pad and a responsive touchpad.	3	8	3	1	3
I am new into computer gaming and I want something that runs smoothly with reasonable price.	3	8	0	5	6
My old computer is still going on well but I decided to go on with a new one with a longer battery life.	3	8	3	1	3
I want a new gaming laptop that play my games well with a good price.	3	8	0	3	6
I am planning to find a new laptop that has a good processor and build well. Nice sound and nice amount of memory are also expected.	3	8	0	3	7
I draw on my tablet so a style pen is a must.	2	2	2	0	9
I am finding a travel laptop for my trip and it must be light and has an amazing battery life with a tiny charger. The screen should be amazing with thin bezels. I hope it is upgradable with a good price. The startup should be fast.	3	8	3	3	7
Our homeschooled kids need some computers with large screen for learning.	4	9	3	2	4
Speed is important to me when purchasing a new computer.	3	8	3	2	6
I am finding a family laptop for my home and I want one that come with high performance-cost ratio. The picture should shown clearly on the screen. Also, it should be fast and last long.	3	8	3	1	3
My old computer doesn't work for me anymore and I need a fast one with lots of space.	3	8	2	0	0
I am looking for a working laptop for myself and it should look good with a good feel of keyboard. It should also be quiet, lightweight and economical.	3	8	6	2	1
I am using the computer for work so I need it to be fast and have bright colours.	3	3	3	2	6
I need a new computer to go to work so it should be fast and sturdy. I do love a good backlit keyboard.	4	8	0	3	8
I want to find a fast computer for my cousin.	3	8	0	3	9
I surf the internet all day and I am finding a new laptop that do fast in that.	3	8	6	2	1
I don't want the new computer to constantly lag as my previous computer.	3	8	0	3	7
I need a new computer that comes with a good price.	3	8	0	3	7
I need to get my things to be done quickly so a fast update is necessary.	3	7	2	0	9
I am buying a laptop for my son so that he can play games with no problem.	4	8	0	3	7
I hope the computer will fit with my budget.	3	8	0	3	9
I need a fast computer.	3	8	0	2	7
I need a sturdy computer with a beautiful screen and above-average sound quality.	3	8	0	2	7
The temperature of the computer should be low while I am using it. I need the price to be reasonable and the battery life also.	3	8	0	2	7
I need a good video card to go with my computer.	3	8	0	2	7
I want to have a new laptop that is lightweight with a great battery.	2	3	3	2	5
I am finding myself a nice computer which is fast and nicely designed. I need the graphics to be good.	3	8	0	3	7
I need a fast computer.	3	8	4	2	7
I read a lot of reviews and I decided I would buy a computer that is fast with a budget price.	3	8	3	3	7
I need to use a laptop out of my office hour so it should have good amount of RAM within a limited price.	3	8	6	2	1
I need a fast computer in both typing responsiveness and log in time. I also need good Bluetooth connection to the other devices.	3	8	4	2	7
I need the specs to be perfect on my computer that means for the screen and the touchpad.	2	8	3	3	7
I want the computer to stay within a reasonable price range, having a sensible fingerprint sensor and large amount of storage.	3	8	4	2	7
I need a computer which can be opened as soon as possible and have strong wireless connection. I hope it will be portable. And I hope it runs fast on the programming.	3	8	4	2	7
The computer I want should have excellent thermals and graphics. It would be great if it runs cool and is functioned with great screen and touch sensor. I hope it goes with a high performance-cost ratio.	3	8	0	2	7
I will be using the laptop for work so it should be sleek, lightweight and easy to setup.	3	7	2	0	9
My old laptop is not working and I am looking for a new one that is fast, portable and light.	2	4	3	5	6
I focus on the design of a laptop very much so a beautiful finish and a beautiful screen is a must. The keyboard and touchpad should also be good though.	4	8	0	3	7
I need a computer with a high performance-cost ratio and a large memory. I want the computer to boot up quick and last long for the battery.	3	8	4	2	7
I have some criteria for my dream computer. For the size, it should be a small and light computer. For the price, I hope it won't be too high. For the content, I want it to have a high expandability and can handle heavy duty work loads with a solid I/O options. I don't want the computer to go overheat while performing the jobs. For the design, I prefer a sleek and neutral one. For the battery, I need it to be long enough to support my work. For the hardware, I need a great display panel, a sturdy keyboard with great typing experience and keys with red LEDs as the backlit.	3	8	0	2	7
My old computer does not work as great as it was so I am finding a new one with a beautiful screen and good build quality. It would be great to feature a fingerprint sensor if it doesn't push up the price.	2	4	3	5	6
I need the computer not to look gaudy, but to play games well.	3	8	0	2	7
I would use the computer with my children so I need it to be light and sturdy. The hinges should be good. I want it to be natural when I am drawing on it.	2	2	2	0	9
I need a light computer that runs fast. For the keyboard, it would be better if it is back-lit. The USB port access should be great. The screen would be better if it has vibrant resolution. The battery life should be reasonable for a laptop. I want it to have a high performance-cost ratio.	3	8	4	2	7
I don't really have huge budget and all I want is an affordable computer that can play games well. Moreover, I want it to be fast and fashionable.	3	8	0	3	7
I have to do homework at night so it's better to include a backlit keyboard. Moreover, I want it be to fast and lightweight.	4	9	3	2	4
I am new to gaming laptop and I want one that run flawlessly for games. Also, I want it to have great design and start up fast.	3	8	0	3	9
I am becoming a coder and I need a new computer that is sleek and has large storage space.	2	8	3	3	7
I am finding myself a new computer that is light and come with nice size. The battery should last long and be replaceable.	3	8	3	2	6
I need a perfect laptop for my office work in which it should be small and handy.	0	2	4	0	9
I have used my old computer for over 10 years and now I need a nice looking computer.	3	3	0	3	7
I have limited budget for a good computer.	2	8	3	3	6
I want to have a new computer for myself and I need to to be sleek, light and easy to use. The design should be good though.	2	8	3	3	6
I don't require much for my new computer but speed is important.	3	8	0	3	9
I need a good keypad on my computer to get my job done.	3	9	3	3	9
I am not sure what computer I should get but I am sure I need one that bootup quickly and display amazingly.	2	8	3	3	7
I don’t want my current computer anymore and I am looking for a new one coming with the perfect keyboard and screen.	2	4	3	5	6
I use laptop to watch movies so a large screen and clear pictures are necessary. I also want it to be easy to use and priced right.	4	9	3	2	4
A good touchscreen should be included to the computer.	2	3	3	3	7
I need a great computer for work that comes with a high performance-cost ratio.	3	8	3	3	7
My old computer is not working anymore so I need a cheap, pretty, new computer.	3	8	2	0	0
I want to find a laptop that can play games with my friends so I need it to have great performance for gaming and be cheap.	3	8	0	3	9
I want to purchase a new computer that is fast and easy to setup.	3	9	3	2	6
I would like to have a computer with long battery life and can run fast and quietly. The keyboard would be better with red backlit. I want it to be lightweight and have a high performance-cost ratio.	3	8	0	2	7
I am in need of a new computer that comes with high HDD capacity and low price. The battery life should be long. The screen should be high resolution. A reasonable RAM is expected. Low heat should be produced. The speakers would be great if it is louder than the typical one.	3	8	3	1	3
I need a computer with a reasonable price.	3	8	0	3	9
I need some recommendations for an awesome gaming laptop.	4	8	0	3	8
For the money I paid, I hope it come back with a high quality computer.	3	8	6	1	1
I am not having much money at the moment and what I need is a computer with a reasonable price.	3	8	2	0	0
A light computer is what I need.	3	8	7	1	2
I am buying a new computer for myself on Black Friday and I want it to play games well. The graphic card should be great and the computer should work fast and well-organized. I don't prefer a heavy computer. The screen would be better to be bright enough. The keyboard should be comfortable along with a useful numpad. I hope the price won't be too high with the those features.	3	8	7	1	2
I want to buy a new gaming laptop for myself that play games well and have a large storage. I also want it to be sleek and light.	3	8	2	0	0
I am changing from desktop to laptop and I want one that bootup fast with a quiet fan. The design should be great with a backlit keyboard. I don't want it to be cumbersome nor heavy.	3	8	0	3	7
My old computer needs replacement and I hope the new one comes with great specs and run smoothly.	3	8	0	3	7
My work require me to have a new computer so I am out here finding a thin computer with nice display and sturdy keyboard.	2	4	3	5	6
I play games so I need a laptop to perform well in those.	3	8	0	3	8
I will use the computer for gaming and I hope there would be a sharp display and a high refresh rate. The keyboard should be smooth and the CPU + GPU should be fast.	3	8	0	5	7
I enjoy gaming and I am finding myself a computer that handle that with ease.	4	8	0	3	7
I need a new computer that is fast and economical.	3	8	0	3	6
I need a fast computer to do video editing.	4	8	0	3	7
My old computer can't really play games so I want a new one that can play games at high settings.	3	8	0	3	9
I will need a laptop for software development and it should have good build quality with a decent battery life. The keyboard should be comfortable that allow me to play games well.	3	3	0	3	6
My old computer is not working and I am finding a computer with a high performance-cost ratio.	3	9	3	3	9
I need a light computer.	3	3	3	2	5
I don't have much money so I would need a computer with reasonable price.	3	8	3	3	6
I have some light use of the computer and I hope the price won’t be too expensive.	3	8	2	0	0
What I need for school is a fast computer.	3	8	3	3	7
I am searching a good computer for school work and I think a computer with great graphic card and plenty of storage would be perfect. It's even better with a low price.	3	8	7	1	2
I need a computer that comes with a high performance-cost ratio.	3	8	7	1	2
I plan to place a new laptop in my home and it should be lightweight, fast and quiet.	2	4	3	5	6
I enjoy gaming and hope the new computer works great on that.	3	8	7	1	2
I need a computer with impressing build.	3	8	0	2	7
The old computer is not satisfying so I want to find a new computer that comes with great value. I need it to run games perfectly under powerful CPU and GPU. I may store a lot of games so I need as much storage as it can. Moreover, it should boot up fast and have smooth keys. I want it to look great with some great display.	4	8	0	3	8
I am finding a new laptop for gaming and a short boot up time is expected.	4	8	0	3	8
I need a computer that comes with low price and high specs.	2	4	3	5	6
I don't want to annoy others so I need a quiet computer.	3	8	0	3	9
I need the computer to come with Microsoft programmes.	3	8	6	2	1
I focus on the design and I want a good looking computer.	3	8	2	0	0
I expect my new computer will be fast and reasonably priced.	3	8	0	3	9
I am going back to college later and so I need a laptop with a huge screen and a number pad on the keyboard. Of course, the price should be good.	4	8	3	1	6
I need the laptop to look much as a PC so it should have a full keyboard and a good touchscreen.	3	9	3	2	6
My wife asks me to buy her an economical yet powerful computer.	3	8	2	0	0
I don't have much criteria for my new computer. I just want it to be reasonably priced.	3	8	0	3	7
I want to have the best use of the money I would spend on the computer.	4	8	3	1	6
I am buying a new gaming laptop for my husband and I want a red backlit keyboard so it would be warm and comfortable to his eyes. I also need it to have strong fan sound so I know the cooling system is working well. Of course it should be fast.	4	8	0	3	8
I need the computer to do well in gaming and editing, of course with a good price also.	3	8	0	2	7
I am finding my first laptop in college and I need it to have excellent visual fidelity and a full keyboard.	3	2	3	0	4
